,index,sequence,pLDDT,pTM,ipTM
0,0,FTSYNMHHVKQTPGRGLEWIGAIYPGNGDTSYNQKFKGKAALTADDSSSTAAMQLSSLTSEDSAVYYYARSSYYGGDWYF,80.4,0.753,0.649
1,1,FTSYNMHWVKQTPGRGLEWIGAIYPGNNDTSYNQKFKGGATLTADKSSSTAAMQLSSSTSEDSAVYYFARSTYYGGDWYF,81.6,0.771,0.666
2,2,FTSYNNHWVKQQPGRGLLWIGAIYPGNGDTSYNQKFKGKAALTAAKSSSTAYMQLSSLTSEDSAVYYCARSTYYGGDWYY,82.1,0.761,0.66
3,3,FTSYNMHHVKQTPGRGLEWIGAIYYGNGDTSYYQKFKGKATLTADDSSSTAAMQLSSLTSEDSAVYYCCRSTYYGGDWYF,82.2,0.778,0.677
4,4,FTSYNMHWVKQTPGRGLLWIGAIYYGNGDTSSNQKFKGKATLTADKSSSTAYMQLSSSTSEESAVYYCARSTYYGGDWWF,80.5,0.749,0.628
5,5,FTSYNMHWWKQTPGRGLEWIGAIYPPNGDTSYNQKFKGKATTTTDKSSSTAYMQLSSLTSEDDAVYYCARSTYVGGDWYF,83.6,0.779,0.678
6,6,FTSYNMHWWKQTTGRGLEWIGAIYPGNGDTSYNQKFKGGATLLADKSSSSAYMQLSSLTSSDSAVYYCARSTYYGGDWYF,84.0,0.789,0.693
7,7,FTSYNMHWVKQQPGRGLEWIGAIYPGNNDTSYNQKFKGKATLTADDSSSTAYMQQSSLTSEDSAAYYYARSTYYGGDWYF,81.1,0.778,0.677
8,8,FTSYNMHWVKQTPGRGLEWWGAIYPGNGDTSYNNKFKGKATLTADKSSSSAYMQQSSSTSEDSAVYYCARSTYYGGDWYF,80.8,0.76,0.651
9,9,FTSYNMHWVKQQPGRGLLWIGAIYPGGGDTSYNQKFKGKATLTADKSSSTAYMMLSSSTSEESAVYYCARSTYYGGDWYF,80.1,0.761,0.659
10,10,FTSYNMHWVKQTPGRGLEWIGAIYPGNGDTSYNQKFKGKKALTTDKSSSTAYMMLLSLTSEDSAVYYCARSTYYYGDWYF,80.8,0.757,0.652
11,11,FTSYNMHWVKQTPGRGLLWIGAIYPGGGDTSYNQKFKGKAALTADKSSSTAYMQLSSLTSEESAVYYCARSTYYGGGWYY,78.2,0.742,0.631
12,12,FTSSNMHWVVQTPGRGLEWIGAIYPGNGDTSYNQKKKGKATLTTDKSSSTAYMQLSSLTSEDSAVYYCARSSYYGGDWYF,81.6,0.765,0.667
13,13,FTSYNMHWVKQTPGRGLEWIGAIYPGNGDTSYNQKFFGKATLTADKSSSTAYMQQSSLTSEDSAVYYYCRSSYYGGGWYF,77.5,0.734,0.619
14,14,FTSYNMHWVKQTPGRGLEWIIAIYPGNGDTSYNQKFKGKATLTADKSSSTAYMQLSSLTSEDSAVVYCARSSYYYGDWWF,77.7,0.755,0.648
15,15,FTSYNMHWWKQTPGGGLEWIGAIYPPNGDTSYNQQFKGKATLTADKSSSTAYMQLSSLTSEDDAVYYCARSTYYGGDWYF,82.0,0.77,0.671
16,16,FTTYNMHWVKQTPGRGLLWIGAIYPGNGDTSYNQKFKGKATLTADKSSSTAYMQQSSLTSEDDAVYYCAASTYYGGDWYF,80.9,0.755,0.645
17,17,FTSSNMHWWKQTPGRGLEWIGAIYPGGGDTSYNQKFKKKATTTADKSSSTAYMQLSSLTSEDSAVYYCARSTYYGGDWYF,81.0,0.751,0.646
18,18,FTSYNMHWWKQTPGRRLEWIGAIYPGNGDTSYNQQKKKKATLTADKSSSTAYMQLSSLTSEDSAVYYCARSTYYGGDWYY,83.2,0.779,0.678
19,19,FTSSNMHWVKQQPPRGLEWIGAIYPGNGDTSYNQKFKKKATLTADKSSSTAYMQLSSLTSEDSSVYYYARSTYYGGDWYF,82.0,0.764,0.664
20,20,FTSYNMHHVKQQPGRGGEWIIAIYPGNGDTSSNQKFKGKAALTADDSSSSAAMQLSSSTSEDSAVYYYARSSYYGGDWYF,77.0,0.758,0.653
21,21,FTSYNMHWVKQTPGRGLEWIIAIYYGNNDTSYNNKFKGGATLTAADSSSTAAMMLSSSTSEDSAVYYFARSTYVGGDWYF,78.8,0.757,0.654
22,22,FTSYNNHWWVQQPGRGLLWIGAIYPGNGDTSYNQKFKGKAALTTAKTSSTAYYQLSSLTSEDSAVYYCAASTYYGGDWYY,78.1,0.762,0.661
23,23,FTSYNMHHVVQTPGRGLEWIGAIYYGNGDTSYYQKFKGGAALTADDSSSTAAMMLSSLTTEDSAVVYCCRSTYYGGDWYF,75.6,0.745,0.629
24,24,FMSYNMHWVVKTPPRGLLWIGAIYYGNGDTSSNQKFKGKATLTADDSSSTAYMQLSSSTSEESAVYYCARSTYVGGDWWF,81.7,0.783,0.682
25,25,FFSYNMHHWKKTPGRGLEWIGAIYYPNNDTSYNQKFKGKKTTTTDKSSSTAYMQLSSLTSEDDAVYYCARSTYVGGDWYF,82.2,0.783,0.678
26,26,FTTSNMHHWKQTTGRGLEWIGAIYPGNGDTSYNQKFKGGATLLTDKTSSSAYMQLSSLTSSDSAVYYCARSTYYGGDWWG,78.9,0.753,0.644
27,27,FTSSNMHWVKQQPGRGLEWWGAIYPGNNDTSYNNQFKGKATTTADDSSSTAYMQQSSLTTEDSAAYYYARSTYYGGDWYF,81.1,0.767,0.66
28,28,FTSYNMHWVVQTTPRGLEWWGAIYPGNGDTSYNNKFFGKATLTADKSSSSAAMQQSSSTSSDSAAYYCARSTYYGGDWYF,80.3,0.766,0.656
29,29,FTSSNNHWVKQQPGRGLLWIGAIYPGGGDTSYNQKFKGKATTTAAKSSSTAYYMLSSSTSSESAVYYCARSSYYGGDWYF,77.1,0.75,0.643
30,30,FTSYNMHWWKQTPGRGLLWIGAIYPGGSDTSYNQKFKGKKALTTDKSSSTAYYMLLSLLSEDSAVYYCARSTYYYGDWWF,77.3,0.758,0.651
31,31,FTSYNMHWVKQTPGRGLLWWGAIYPGGGDTSYNQQFKGGAALTAAKSSSTAYMQLSSLTSEEDAAYYCCRSTYYGGGWYY,77.2,0.745,0.629
32,32,FTSSNMHWVVQQPPGGLEWIGAIYPGNGDTSYNQKKKGKATLTTDKSSSTAYMQLSSLTSSDDAVYYYARSSYVGGDWYF,80.5,0.761,0.649
33,33,FTTYNMHWVKQTPGRGLEWIGAIYPGNGDTSYYQKFFGGATLLADKSSSTAYMQQLSLTSEDSSVYYYCRSSYYGGGWWF,77.1,0.744,0.629
34,34,FTSYNMHWVKQTPGRGLLWIIAIYPGNNDTSYNNKFKKKAALTADDSSSTAYMQLLSLTSEDSAVVYCARSSYYYGDWWF,81.8,0.78,0.674
35,35,FTSYNMHWWKQTPGGGLEWIGAIYPPNGDTSSNQQFKGKATLTADKSSSTAAMQLLNLTSEDDAVYYCARSSYYGGGWYY,79.6,0.751,0.646
36,36,FTTYNMHHVVQTPGRGLLWWGAIYPGNNDTSYYQKFKGKATLTADKSSSTTYMQQSSLTSEDDAVYYCAASTYYGGDWYF,79.1,0.765,0.657
37,37,FTTSNMHWWKQTPGRGLEWIGAIYYGGGDTSYNNKFFKKKTTTADKSSSSAYMQLSSLTSEDDAVYYCARSTYYGGDWYF,82.2,0.792,0.698
38,38,FTSYNMHWWKQTPGRRLEWWGAIYYGNGDTSSNQQKKKKATLTADKSSSTAYMQLSSLTSSDSAVVYCARSSYYGGGWYY,76.1,0.752,0.641
39,39,FMSSNMHWVKQQPPRGLEWIGAIYPPNGDTSYNQKFKKKATLTADKSSSTAYYQQSSLTSEDDSVYYYARSTYYGGDWYF,78.6,0.756,0.652
40,40,FTTYNNHHVKQQPGRGGEWIIAIYPGNGDTSSNQKFKKKAALLADDSSSSAAMQLSSSTSEDDAVYYYARSSYYGGDWYF,73.8,0.758,0.652
41,41,FFSYNMHWVKQTPGRGLEEIIAIYYGNNDTSYNNKFKGGATLTAADSSSTAAMMLLSSTSEDSAVYYYCASTYVGGDWWG,77.5,0.765,0.649
42,42,FTTSNNHWWVQQPGRGGLWIGAIYPGNGDTSYNQKFFGKAATTTVKKSSTAYYQLSSLTSEDSAAYYCAASTYVGGDWYY,79.1,0.769,0.661
43,43,FTTYNMHHVVQTPGRGLEWIGAIYYGNGDTSYYQKFFGGAATTAADSSSTAAMMLSSLTTEDSAVVYCCRSTYVGGDWWF,77.6,0.763,0.65
44,44,FMSYNMHWVVRTPPRGLLWIGAIYYPNGDTSSNNKFKGKATTTADDSSSSAYMMLSSSLSSESAVYYCARSTYVGGDWWF,80.4,0.772,0.675
45,45,FFSSNMHHWKKTPGRGLEWIGAIYYPNNDTSYNQKFKGKKTTTTDKSSSTTYMQLSSLTSSDDAAYYCARSSYYGGDWYF,75.9,0.75,0.641
46,46,FTTSNNHHWKQQAGRGLEWIGAIYPGGGDTSYNQKFKGGATLLTAKTSSSAYMQLSSLTTSDSAAYYCARSTYVGGDWWG,78.5,0.757,0.651
47,47,FMSSNMHWVVQQPGRGLEWWGAIYPGNNDTSYNNQKKGKKTTTADDSSSTAAMQQSSLTTEDSAAYYYAASTYYGGDWYF,78.7,0.76,0.647
48,48,FTSYNMHWVVQTTPRGGLWWGAIYPGNGDTSYNNKFFGKAATTAAKSSSSTAMQQSSSTSSDSAAYYCARSSYYGGDWYF,78.9,0.778,0.682
49,49,FTSSNNHWVKQQAGRGLLWIIAIYPGGGDTSYNQKFKGGATTTAAKSSSSAYYMLLSSTSSESAAYYCARSSYYGGDWYF,78.8,0.755,0.641
50,50,FTSYNMHWWVQTTGRGLLWIGAIYPGGSDTSSNQKFKGKKALTTAKSSSTAYYMLLSLLTEDSAVVYYARSTYYYGDWWF,77.2,0.748,0.636
51,51,FTSYNMHWVKQTPGRGLLWWGAIYPGGSDTSYNQQFKGGAALLAAKKSSSAYMMLLSLTSEEDAAYYCCRSTYYGGGWYY,76.8,0.747,0.635
52,52,FMSSNMHWVVQQPPGGLEWIGAIYPGNGDTSSNNKKKKKATLTTDKSSSSAYMQLSSLTSSDDAVYYYARSSYYGGGWYY,78.6,0.753,0.64
53,53,FTTSNMHWVKQQPPRGLEWWGAIYPGNGDTSSYQKFFGGATLLADKSSSTAYMQQLTLTTEDSSVYYYCRSSYYGGGWWF,77.1,0.748,0.633
54,54,FTSYNNHWVKQTPGRRGLWIIAIYPGNNDTSYNNKFKKKAALTAADSSSTAYMQLLSLTSEDSSVVYCCASSYYYGDWWF,76.1,0.755,0.64
55,55,FTSYNMHWWKQTPGGGLEWIGAIYPPSGDTSSNNQFKGKKTTTTDKSSSTAAMQLLNLTSSDDAVYYCARSSYYGGGWWG,78.3,0.731,0.609
56,56,FTTYNNHHVVQTPGRGGLWWGAIYPGNNDTSYYQKFKGKATLTADDSSSTTYMQQSSSTSEEDAVYYCAASTYYYGDWYY,78.5,0.779,0.685
57,57,FTTSNMHWWKQTPPRGLEWIGAIYYGGGDTSYYNQFFKKKTTIADKSSSSAYMQLSSLTSEDDAAYYCARSTYYGGDWWF,78.0,0.749,0.634
58,58,FMSYNMHWWVQTPGRKLEWWGAIYYGNGDTSSNQQKKKKATLTADKKSSTAYMQLSSLTSSDSAVVYYARSSYYGGGWWG,77.9,0.756,0.643
59,59,FMSSNMHWVKQQPPRGLEWIGAIYPPNGDTSYNNKFKKKAALTTDKSSSTAYYQQSSSTSEDDSVYYYAASSYYGGDWWF,74.4,0.737,0.623
60,60,FTTYNNHHVKQQPGGKGEWIIAIYPGNGDTSSNQKFKKGAALLADDSSSSTAMQLSSSLSEDDAVYYFARSSYYGGDWYF,78.1,0.779,0.68
61,61,FFSYNMHWVKQTTPRGLEEIIAIYYGGSDTSYNNKFKKGATLTAADSSSTAAMMLLSSTSEDSAVYYYCASSYYGGDWWG,77.6,0.753,0.646
62,62,FTTSNNHWWVQQPGRQGLWIGAIYPGNGDTSYNQKFFGKAATTTAKKSSTTYYQLSSLTSSDSAAVYCAASTYVGGGWYY,78.8,0.789,0.689
63,63,FTTYNNHHVVKTPGGGLEWIGAIYYGNGDTSYYQQFFGGAATTAADSSSTAAMMLSSLTTSDSAVVYYCRSTYVGGDWWF,75.1,0.755,0.647
64,64,FMSYNMHWVVKTPPRGLLWIGAIYYPNGDTSSNNDFKGKATTTADDTSSSAAMMLSSSLSSEDAVYYCARSTYVGGGWWF,79.2,0.758,0.646
65,65,FMSSNMHHWKKQAGRGGEWIIAIYYTNNDTSYNQKFFGKKTTTTDKSSSTTYMQLSSLTSSDDAAYYYARSSYYGGDWYF,78.4,0.777,0.673
66,66,FTTSNNHHWKQQKGRGLEWIGAIYYGGSDTSYNQQFKGGRTLLTAKKSSSAYMQLSSLTTSDSAAYYCARSSYVGGGWWG,78.8,0.767,0.659
67,67,FMSSNMHWVVQQPGRGLEWWGAIYPGGSDTSYNNQKVGKKTTTTDDSSSTAAMQQLSLLTEDSAAYYYAASTYVGGDWYF,77.6,0.767,0.665
68,68,FTTYNMHHVVQTTPRGGLWWGAIYPGNGDTSYNNKFFGKKFTTAAKSSSSTAMQQSSSLTADSAAYYYARSSYYGGDWYF,74.2,0.767,0.665
69,69,FTSSNNHWVKQQAGRGLLWIIAIYYGGGDTSYNQKFKGGATTTTADSSSSAYYMLLSSTSSESAAYYCCRSSYYYGDWYF,76.7,0.752,0.642
70,70,FTSYNMHHWVQTTGRRLLWIGAIYPGGSDTSSNQKFKGKKALTTAKSSSTAAYMLLSLLTEDSAAVYYCRSTYYYGDWWF,74.0,0.752,0.644
71,71,FFSYNMHWVKQTPGRGLLWWIAIYPGGSDTSYYNDFKGGAALLAAKKSSSAAMMLLSLTSEEDAAVYCCRSTYYGGGWYY,76.1,0.749,0.635
72,72,FMSSNMHHVVQQPPGGLEEIGAIYPGNGDTSSNNKKKKKATLTTDKSSSSAAMQLSSLTTSEDAVYYYAASSYVGGGWYY,76.4,0.765,0.661
73,73,FTTSNNHWVKQQPPRGLLWWGAIYPGNGDTSSYQKFFKGATLLADKSSSTAYMQQLSLTTEESSVVYYCRSSYVGGGWWF,75.8,0.746,0.633
74,74,FTSYNNHWWKQTPGRRGLWIIAIYPGNNDTSYNNKFKKKAALLTADSSSTAYMQLLSLTSEDSSVVYCCASSYVSGGWWF,73.5,0.752,0.646
75,75,FTSSNMHWWKQTPGGGLEWIGAIYPPSGDTSSNNQFFGKKTTTTDKSSSSAAYQLLNLTSSEDAAYYCARSSYYGGGWWG,74.1,0.747,0.635
76,76,FTTYNNHHVVQQAGRGGLWWGAIYPGNNDTSYYSKFKGKATLTAADTSSTTYMQQSSSTSSEDAVYYCAASTYYYGDWYY,78.6,0.777,0.675
77,77,FTTSNMHWWVQTPPRGLEWIGAIYYGGGDTSYYNQFFKKKATITDKKSSSTYYQLSSLTSEDDAAYYCARSTYYGGDWWF,73.9,0.745,0.636
78,78,FMSYNMHHWVQTPGRRGEWWGAIYYGNGDTSSNQQKKKKKALTAAKKSSTAYMQLSSLTSSDSSVVYYARSSYYGGGWWG,76.1,0.755,0.643
79,79,FMSSNMHWVKQQPPGGLEWIGAIYPPNNDTSYNNKFKKKAALLTDKKSSTAAYQQLSSTSEDDSVYYYAASSYYGGDWWF,75.8,0.742,0.627
80,80,FTTYNNHHVKKQAGGKGEWWIAIYPGGGDTSSNQKFKKGAATLADDSSSSTAMMLSSSLSEDDAVYYYARSSYYGGDWYF,71.3,0.752,0.646
81,81,FMSSNNHWVKKTTPRGLEEWIAIYYGGTDTSYNNKFFKGATLTAADTSSTAAMMLLSSTSEDSAVYYYCASSYYGGDWWG,75.6,0.76,0.649
82,82,FMSSNNHWWIQQPPRRGLWIIAIYPGNGDTSYNQKKFKKAFRTTAKKDSTTYYQLSSSTSSDSSAVYCAASTYVGGGWYY,73.8,0.751,0.646
83,83,FTTYNNHHVVKQAPGGLEWIGAIYYGNGDTSYYAPFFGGAATTAADSSSTAAMMLSSLTTSESAAVYYCRSSYVGGDWWF,77.9,0.779,0.677
84,84,FFSYNMHHVVRTPPRGLLWIGAIYYPNSDTSSNNEFKGKATTTADDTSSSAAMMLSSSLSSEDTVYYYARSSYYSGGWWG,74.1,0.752,0.645
85,85,FMSSNNHHWKKQAGGGGEWIIAIYYYNNDTSYNQKKFGKKTTTTDKSSSTTYYQLLNSTTADDAAYYYARSSYYGGDWYF,73.3,0.752,0.636
86,86,FTTSNNHHWKQQKGRGLEWIGAIYYGGSDTSYYQQFKGGRTLLTAKTSSSTYMQLSSLTTSDSSAYYYCASSYVSGGWWG,75.4,0.756,0.646
87,87,FMSSNMHWVVQQPGRGLLEWGAIYPGGSDTSSNNSKLKKKTTITDDSSSTAAMQQLSLLEEDSAAVYYCASTYVGGDWYF,77.4,0.777,0.673
88,88,FTTYNNHHVVQQAPRGGLWWGAIYPGNGDTSYNNKFFGKKITTAAKSSSSRAMQQSSSLQSEDAAYYYCASSYYGGGWYF,72.9,0.756,0.651
89,89,FTTSNNHWVVQQAGRGLLEIIAIYYGGGDTSYYQQFFGGATTTTADSSSSAYYMLLSSTSSESAAYYCCRSSYYYGDWYY,75.8,0.766,0.664
90,90,FMSYNMHHWVQTTGRRLLWIGAIYPGGSDTSSNQKFFGKKALTTAKSSSSAAYMLLSLLTEESSAVYYCRSTYVSGGWWF,74.8,0.755,0.648
91,91,FFSTNMHWVKKTPGGGLLWWIAIYPGGSDTSYYADFKGGRVLLTAKKSSSAAMMLLSLTSEEDAAVYYCRSTYYGGGWYY,80.2,0.78,0.682
92,92,FFSSNMHHVVRQPPGGLLEIIAIYPGNGDTSSNNKKKKKKALTTDKKSSSAAMQLSSLTTSEDAVVYYAASSYYGGGWYY,73.9,0.754,0.643
93,93,FTTSNNHWVKQQPPRRLLWWGAIYPGGGDTSSYQKFFKGATTLADKSSSTAAMQQLTLLEPESSVVYYCRSSYVGGGWWF,71.8,0.745,0.637
94,94,FTSYNNHWWVQTTGRKGLWWIAIYYGNNDTSYNNKKKKKAALLTRDSSSTAYYQLLSLTSEDSSVVYCCASSYYSGGWWG,76.4,0.753,0.644
95,95,FMSSNMHWWKQTPGGGLLWWGAIYPPSGDTSSNNQFFGGRTTTTDKSSSSAAYQLLNLLSSEDTAYYCARSSYYYGGWWG,73.8,0.745,0.635
96,96,FTTYNNHHVVQQAGGKGLEWGAIYPGNNDTSYYNKFKGKATLTAADTSSTTYYQQSSSTTSEDAVYYCAASTYVSGDWWG,79.1,0.775,0.668
97,97,FTTSNMHWWVQQAPRGLEWWGAIYYGGGDTSYYNQFFKKKATITDDNSKSTYYQLSSSTTEDDAAYYCARSTYYGGDWWF,75.0,0.751,0.646
98,98,FMSSNNHHWAQQPGRKGEWWGAIYYPNGDTSSYAQKKKKKALTAAKKSSTAYMQLSSSTSSDSSVVYYARSSYYGGGWWG,76.2,0.768,0.656
99,99,FMSSNMHWWVKQPPGGLEWIGAIYPPGNDTSYYNKFKKKAALLTDKKSSTAAYQQLSSLSEDDSVYYYAASSYYYGDWWF,72.9,0.747,0.635
100,100,FTTYNNHHVVGGGGGGGEWWSAIYPGGGDTSSNQKKKKVAGSGADDSSGGSAMMLSSGLLLLDAVYYWARSSYYGGGWYF,73.9,0.764,0.657
101,101,FMSSNNHHVKKTTPGGGEEWIAIYYGGSDTSYYAKFFKGRTLTAADTSSTAAMMLLSSTSSDSAVVYYCASSYYGGDWWG,72.7,0.751,0.651
102,102,FMSSNNHHWIQQPPRRGLWIIAIYPGNNDTSYNNKKFKKAFRTTADSSSTTAYQLSSSTSSDDTAVYCCASTYVGGGWYY,73.8,0.751,0.646
103,103,FTTSNNHHWIKQAPGQLEWIIAIYYGNGDTSYYAQFFGGAATTAADSSSSAAMMLSSLTTSESAAVYYCRSSYYSGGWWF,73.6,0.75,0.641
104,104,FMSYNNHHVVRTTPRGLLWIIAIYYPGSDTSSNAEKKGKAATTADDTSSSAAYLLSSSLSSEDTAYYYARSSYYPGGWWG,76.2,0.764,0.646
105,105,FMSSNNHHWKKQAPGGGEWWIAIYYYGTDTSSYAKKFGKKTTTTDDSSSTTYYQLLNSTTSDDAAYYYARSSYYGGDWYF,73.5,0.752,0.646
106,106,FTTSNNHHWKKQAPRGLLWWGAIYYGGSDTSYYNQFFGGRVLLTAKKSSSTYMQLSSLTTSDSSAYYYCASSYYSGGWWG,72.8,0.744,0.637
107,107,FMSSNMHWVVQQPPRGLLEWIAIYYPGSDTSSYAPSLKKKTTITDDSSSTAAMQQLSLLEEESAAVYYCASTYVGGGWYF,77.9,0.766,0.654
108,108,FTTYNNHHVVGGGGRGGGWWGAIYYGNNDTSYNNKKYGKKYTTTGKSSSSGYMQQSYYYYYGGAAYYYYYSSYYGGGWYF,71.0,0.758,0.645
109,109,FTTSNNHWVVQQAGRRLLEIIAIYYPGGDTSSYNQFFGGATTTTADSSSSTYYLQLKSTSSESAAYYCCRSSYYSGDWYY,75.1,0.759,0.645
110,110,FFSYNNHHWVQTTGRKLLWIIAIYPGGSDTSSNQKFFGKKFLTTRDTSSSAAYMLLSSLTEESSAVYFCASTYVSGGWWF,75.9,0.761,0.648
111,111,FMSGNMHWVKKTPGGGLLWWSAIYPPSADTSSSSSFFGGSSLLSSKKSSSAAMMSSSLTSEESSSSSSSSSSYYGGGWYY,75.4,0.761,0.657
112,112,FFSSNMHHFVRQPPGQLLEIIAIYYGNNDTSSNNKKKKKKALTTDKKSSSAAMQLSSLLEAEDSVVYYAASSYYSGGWYY,75.9,0.764,0.646
113,113,FTTSNNHHVKQQPPRRLLWWGAIYPGGGDTSSYQQFFKSATTFAAKKDSTAAMMEISLLKSEDTVVYYCRSSYYSGGWWF,73.4,0.745,0.625
114,114,FFSSNNHWWVQTTGGKGLWWIAIYYGNNDTSYNNKKKKKAALLTRDSSSTAAYQQLSLTTSDSSVVYCCASSYYSGGWWG,74.4,0.748,0.638
115,115,FMSSNNHWWKQTPGGGLLWWGAIYPPSGDTSSYAQFFGGRTTTTDKSSKSTAYMLLSLLKAEDTAYYCAASSYYYGGWWV,73.1,0.738,0.629
116,116,FTTGNNHHVYQQAGGKGLEWGAIYPGNNDTSYYGKFKKKATLLAADKSNSKYYQQSSSTTAEDAVVYCAASTYYSGGWWL,71.8,0.748,0.639
117,117,FTTSNMHWWVQQAPGGGEWWGAIYYGGGDTSYYNEFFKKKATITDDTSTSTAYLLSSSTTEDDAAYYYCASTYYGGDWWF,77.0,0.749,0.632
118,118,FMSSNNHHWVQQPGGKGEWWGAIYYPNGDTSSYADSKKSRGLTAAKKSSTTYMQLLSSTTSESSVVYYARSSYYYGGWWG,76.7,0.781,0.681
119,119,FMSSNMHWWVKQPPGKLEWIGAIYYPGSDTSYYNKFKKKAALLTAKKSSTTAYQQLSSLEEDDSVYYYCASSYYSGDWWF,72.0,0.742,0.634
120,120,FMSSNNHHVKKTTPGGGEEWIAIYYGGSDTSSYEKFFKNRDLTAASADNTAAMMLLSSLSSDSSVVYYCASSYYSGDWWL,72.6,0.749,0.644
121,121,FMSSNNHHLSQQPPSSSSWIIAIYPGNNDTSSNNKKLTKAASTTSSSSSSSSSQLSSSTSSSSSSSYYSSSTYYGGGWWS,74.7,0.762,0.645
122,122,FTTLNNHHLLLLLLLSLEWIIAIYYGNGDTSYYLGLGGGGGGLAALSSLGAAMMLSSLLLLLLAALGSGRSSYYLGGWWF,75.6,0.8,0.724
123,123,FMSYNNHHVVRTTPGQLLEIIAIYYPSSDTSSNNDSKGKKFSTADDTSSSTVSLLSSSLSSQDTAYYYAASSYYSGGWWG,74.8,0.755,0.646
124,124,FMSGNNHHWKKQAPGQGEWWIAIYYGGSDTSSYAKKLKNRTTTTRDSSSTTLTQLLNSTTTDDAAVYYARSSYYGGDWYF,77.7,0.771,0.673
125,125,FTTSNNHHWKKQAPGGLLWWGAIYYTGSDTSSYAQFFGGRVLLTRDTSSSTYMQLSSSTTSDDTAYYYCASSYYSGGWWV,73.8,0.749,0.64
126,126,FMSSNMHHVVASPPRGLLLSSAIYYSGSDTSSSSSSSSKKTTSPDDPSSTAAMQQSSLLSSSSSSSYYHCSTYYFGGWYF,74.4,0.768,0.669
127,127,FMGYNNHHVVGGGGRGGGWWGAIYYGGGDTSYNNYYGGKKYGGGGKSSSSGGMQQSGGGGGGGAAYYYYGSSYYGGGWYY,71.1,0.747,0.631
128,128,FTTGNNHWVVQQTGRRGPEIIAIYYYSTDTSSYADFFGGAATTTADSSSSTYYLQLKSLSSESAAVYCCRSSYYIGGWYY,79.4,0.796,0.712
129,129,FFSYNNHHWVQQSGRKLLWIIAIYYGGTDTSSNQKKFGKKFLTTRDTSSSTLSLLLSSLEEESSAVYYCASSYYSGGWWG,78.6,0.768,0.66
130,130,FMSLNMHWWLLTPGGGLLWWGAIYPPSSDTSSSSSFFGGSGLLSLKKSSSSSMMSSSLTSSSSSSSSSSSSSYYGGGWWR,70.6,0.741,0.632
131,131,FMSSNMHHSYRQPPGKLLELIAIYYGNNDTSSNNEAKKSKFLTTDKKSSSAAFQLLSLLQASDSVVYYAASSYYHGGWYY,76.8,0.794,0.697
132,132,FTTPNNHHVKQQPPRRLLWWLAIYPGGLDTSSLQQFFLPATTTAAKKLLLAAMMLLLLLLLLLLVVYYLLSSYYCGGWWF,74.9,0.787,0.701
133,133,FMSSNNHWWVRQAGGKGLWWIAIYYGNNDTSYYADSKKKAATITRDSSSTAAYMQLSLTTSDSSVVYCCASSYYIGGWWG,73.6,0.74,0.632
134,134,FMSSNNHWWVRTPGGGGLWWGAIYPPGGDTSSYAEAVGGRTTTTDKSSKSTAYLLLNSLQAEDTAYYCAASSYYYGGWWV,75.1,0.746,0.628
135,135,FMSSNNHHLRLGPGGLGEWWGAIYYVNNDTSSSSSSKKLSLLTTLKKSSQSYMMLLSSLSLSSSVVSRARSSYYYGGWWR,74.1,0.773,0.669
136,136,FMSSNMHWWVKQKPGKLEWIGAIYYPGTDTSYYAKFKKGKFLLTRDTSSTTAYLQISSLTEDDSVYYYCGSSYYSGDWWG,79.1,0.758,0.65
